{
  "properties": {
    "connectionReferences": {
      "shared_commondataserviceforapps": {
        "runtimeSource": "embedded",
        "connection": {
          "connectionReferenceLogicalName": "new_sharedcommondataserviceforapps_4a6ea"
        },
        "api": {
          "name": "shared_commondataserviceforapps"
        }
      }
    },
    "definition": {
      "$schema": "https://schema.management.azure.com/providers/Microsoft.Logic/schemas/2016-06-01/workflowdefinition.json#",
      "contentVersion": "1.0.0.0",
      "parameters": {
        "$connections": {
          "defaultValue": {},
          "type": "Object"
        },
        "$authentication": {
          "defaultValue": {},
          "type": "SecureObject"
        }
      },
      "triggers": {
        "manual": {
          "metadata": {
            "operationMetadataId": "69fd6fc4-ec32-4e82-91d3-d638af4ecf46"
          },
          "type": "Request",
          "kind": "PowerApp",
          "inputs": {
            "schema": {
              "type": "object",
              "properties": {
                "Compose_Inputs": {
                  "type": "any",
                  "description": "Inputs",
                  "x-ms-powerflows-param-ispartial": false
                }
              },
              "required": [
                "Compose_Inputs"
              ]
            }
          }
        }
      },
      "actions": {
        "Apply_to_each": {
          "foreach": "@body('Parse_ComposeInput_JSON_')",
          "actions": {
            "Condition": {
              "actions": {
                "Compose_AutoRenew": {
                  "runAfter": {},
                  "metadata": {
                    "operationMetadataId": "deb973c0-cfca-4321-99a2-c800e60fc671"
                  },
                  "type": "Compose",
                  "inputs": "@items('Apply_to_each')['AutoRenew']"
                },
                "Add_a_new_row_in_Quote_amendment_history_2": {
                  "runAfter": {
                    "Compose_AutoRenew": [
                      "Succeeded"
                    ]
                  },
                  "metadata": {
                    "operationMetadataId": "7805993e-ae35-4ef0-aab2-d4c23b9144cd"
                  },
                  "type": "OpenApiConnection",
                  "inputs": {
                    "host": {
                      "connectionName": "shared_commondataserviceforapps",
                      "operationId": "CreateRecord",
                      "apiId": "/providers/Microsoft.PowerApps/apis/shared_commondataserviceforapps"
                    },
                    "parameters": {
                      "entityName": "zuora_quoteamendmenthistories",
                      "item/zuora_autorenew": "@if(equals(outputs('Compose_AutoRenew'), 1), 429550000, 429550001)",
                      "item/zuora_Billtocontact@odata.bind": "/contacts/@{items('Apply_to_each')['Billtocontact']}",
                      "item/zuora_cancellationeffectivedate": "@items('Apply_to_each')['CancellationEffectiveDate']",
                      "item/zuora_cancellationpolicy": "@items('Apply_to_each')['CancellationPolicy']",
                      "item/zuora_contracteffectivedate": "@items('Apply_to_each')['ContractEffectiveDate']",
                      "item/zuora_Currency@odata.bind": "/transactioncurrencies/@{items('Apply_to_each')['Currency']}",
                      "item/zuora_customeracceptancedate": "@items('Apply_to_each')['CustomerAcceptanceDate']",
                      "item/zuora_generateinvoice": "@items('Apply_to_each')['Generateinvoice']",
                      "item/zuora_initialterm": "@items('Apply_to_each')['InitialTerm']",
                      "item/zuora_initialtermperiodtype": "@items('Apply_to_each')['InitialTermPeriodType']",
                      "item/zuora_InvoiceOwner@odata.bind": "/accounts/@{items('Apply_to_each')['InvoiceOwner']}",
                      "item/zuora_invoiceseparately": "@items('Apply_to_each')['invoiceseparately']",
                      "item/zuora_PotentialCustomer_account@odata.bind": "/accounts/@{outputs('Get_a_Quote_row_by_ID')?['body/_customerid_value']}",
                      "item/zuora_PriceList@odata.bind": "/pricelevels/@{items('Apply_to_each')['Pricelist']}",
                      "item/zuora_Link1Id@odata.bind": "/quotes/@{items('Apply_to_each')['QuoteIdentify']}",
                      "item/zuora_quoteid": "@items('Apply_to_each')['QuoteID']",
                      "item/zuora_renewalsetting": "@items('Apply_to_each')['RenewalSetting']",
                      "item/zuora_renewalterm": "@items('Apply_to_each')['Renewalterm']",
                      "item/zuora_renewaltermperiodtype": "@items('Apply_to_each')['Renewaltermperiod']",
                      "item/zuora_serviceactivationdate": "@items('Apply_to_each')['ServiceActivationDate']",
                      "item/zuora_SoldtoContact@odata.bind": "/contacts/@{items('Apply_to_each')['Soldtocontact']}",
                      "item/zuora_SubscriptionOwner@odata.bind": "/accounts/@{items('Apply_to_each')['SubscriptionOwner']}",
                      "item/zuora_termtype": "@items('Apply_to_each')['TermType']",
                      "item/zuora_type": "@items('Apply_to_each')['Type']"
                    },
                    "authentication": {
                      "type": "Raw",
                      "value": "@json(decodeBase64(triggerOutputs().headers['X-MS-APIM-Tokens']))['$ConnectionKey']"
                    }
                  }
                }
              },
              "runAfter": {
                "Get_a_Quote_row_by_ID": [
                  "Succeeded"
                ]
              },
              "else": {
                "actions": {
                  "Apply_to_each_2": {
                    "foreach": "@outputs('List_Quote_Amendment_History_rows')?['body/value']",
                    "actions": {
                      "Compose_AutoRenew2": {
                        "runAfter": {},
                        "metadata": {
                          "operationMetadataId": "463e8229-3c4c-43d2-8c72-c6d19c9637fd"
                        },
                        "type": "Compose",
                        "inputs": "@items('Apply_to_each')['AutoRenew']"
                      },
                      "Update_a_Quote_Amendment_History": {
                        "runAfter": {
                          "Compose_AutoRenew2": [
                            "Succeeded"
                          ]
                        },
                        "metadata": {
                          "operationMetadataId": "d1dc1a16-4fd2-4955-95b8-1aaf01c19738"
                        },
                        "type": "OpenApiConnection",
                        "inputs": {
                          "host": {
                            "connectionName": "shared_commondataserviceforapps",
                            "operationId": "UpdateRecord",
                            "apiId": "/providers/Microsoft.PowerApps/apis/shared_commondataserviceforapps"
                          },
                          "parameters": {
                            "entityName": "zuora_quoteamendmenthistories",
                            "recordId": "@items('Apply_to_each_2')?['zuora_quoteamendmenthistoryid']",
                            "item/zuora_autorenew": "@if(equals(outputs('Compose_AutoRenew2'),1),429550000,429550001)",
                            "item/zuora_Billtocontact@odata.bind": "/contacts/@{items('Apply_to_each')['Billtocontact']}",
                            "item/zuora_cancellationeffectivedate": "@items('Apply_to_each')?['CancellationEffectiveDate']",
                            "item/zuora_cancellationpolicy": "@items('Apply_to_each')?['CancellationPolicy']",
                            "item/zuora_contracteffectivedate": "@items('Apply_to_each')?['ContractEffectiveDate']",
                            "item/zuora_Currency@odata.bind": "/transactioncurrencies/@{items('Apply_to_each')['Currency']}",
                            "item/zuora_customeracceptancedate": "@items('Apply_to_each')?['CustomerAcceptanceDate']",
                            "item/zuora_generateinvoice": "@items('Apply_to_each')['Generateinvoice']",
                            "item/zuora_initialterm": "@items('Apply_to_each')['InitialTerm']",
                            "item/zuora_initialtermperiodtype": "@items('Apply_to_each')['InitialTermPeriodType']",
                            "item/zuora_InvoiceOwner@odata.bind": "/accounts/@{items('Apply_to_each')['InvoiceOwner']}",
                            "item/zuora_invoiceseparately": "@items('Apply_to_each')['invoiceseparately']",
                            "item/zuora_PotentialCustomer_account@odata.bind": "/accounts/@{items('Apply_to_each_2')?['_zuora_potentialcustomer_value']}",
                            "item/zuora_PriceList@odata.bind": "/pricelevels/@{items('Apply_to_each')['Pricelist']}",
                            "item/zuora_renewalsetting": "@items('Apply_to_each')['RenewalSetting']",
                            "item/zuora_renewalterm": "@items('Apply_to_each')['Renewalterm']",
                            "item/zuora_renewaltermperiodtype": "@items('Apply_to_each')['Renewaltermperiod']",
                            "item/zuora_serviceactivationdate": "@items('Apply_to_each')?['ServiceActivationDate']",
                            "item/zuora_SoldtoContact@odata.bind": "/contacts/@{items('Apply_to_each')['Soldtocontact']}",
                            "item/zuora_SubscriptionOwner@odata.bind": "/accounts/@{items('Apply_to_each')['SubscriptionOwner']}",
                            "item/zuora_termtype": "@items('Apply_to_each')['TermType']"
                          },
                          "authentication": {
                            "type": "Raw",
                            "value": "@json(decodeBase64(triggerOutputs().headers['X-MS-APIM-Tokens']))['$ConnectionKey']"
                          }
                        }
                      }
                    },
                    "runAfter": {},
                    "metadata": {
                      "operationMetadataId": "d669eae9-2e43-4047-aaf1-f515663e3b81"
                    },
                    "type": "Foreach"
                  }
                }
              },
              "expression": {
                "equals": [
                  "@length(body('list_quote_amendment_history_rows')?['value'])",
                  0
                ]
              },
              "metadata": {
                "operationMetadataId": "94492158-f021-4c43-8d5b-877b62fabdcb"
              },
              "type": "If"
            },
            "List_Quote_Amendment_History_rows": {
              "runAfter": {},
              "metadata": {
                "operationMetadataId": "cebdf271-6e92-4f28-9d1b-9ebf2dc385da"
              },
              "type": "OpenApiConnection",
              "inputs": {
                "host": {
                  "connectionName": "shared_commondataserviceforapps",
                  "operationId": "ListRecords",
                  "apiId": "/providers/Microsoft.PowerApps/apis/shared_commondataserviceforapps"
                },
                "parameters": {
                  "entityName": "zuora_quoteamendmenthistories",
                  "$filter": "zuora_quoteid eq '@{items('Apply_to_each')['QuoteID']}' and  zuora_type eq @{items('Apply_to_each')['Type']}"
                },
                "authentication": {
                  "type": "Raw",
                  "value": "@json(decodeBase64(triggerOutputs().headers['X-MS-APIM-Tokens']))['$ConnectionKey']"
                }
              }
            },
            "Get_a_Quote_row_by_ID": {
              "runAfter": {
                "List_Quote_Amendment_History_rows": [
                  "Succeeded"
                ]
              },
              "metadata": {
                "operationMetadataId": "58cfafb1-c75e-43a6-bf8f-682ba57c5b8a"
              },
              "type": "OpenApiConnection",
              "inputs": {
                "host": {
                  "connectionName": "shared_commondataserviceforapps",
                  "operationId": "GetItem",
                  "apiId": "/providers/Microsoft.PowerApps/apis/shared_commondataserviceforapps"
                },
                "parameters": {
                  "entityName": "quotes",
                  "recordId": "@items('Apply_to_each')['QuoteIdentify']"
                },
                "authentication": {
                  "type": "Raw",
                  "value": "@json(decodeBase64(triggerOutputs().headers['X-MS-APIM-Tokens']))['$ConnectionKey']"
                }
              }
            }
          },
          "runAfter": {
            "Parse_ComposeInput_JSON_": [
              "Succeeded"
            ]
          },
          "metadata": {
            "operationMetadataId": "faa49849-209b-481a-8acc-44441b0ccfb9"
          },
          "type": "Foreach"
        },
        "ComposeInput": {
          "runAfter": {},
          "metadata": {
            "operationMetadataId": "ed17c3d1-1a24-4025-b638-edfaad62ddc4"
          },
          "type": "Compose",
          "inputs": "@triggerBody()['Compose_Inputs']"
        },
        "Parse_ComposeInput_JSON_": {
          "runAfter": {
            "ComposeInput": [
              "Succeeded"
            ]
          },
          "metadata": {
            "operationMetadataId": "63bd944e-0da2-4b37-9c50-cc1e3a2e9571"
          },
          "type": "ParseJson",
          "inputs": {
            "content": "@outputs('ComposeInput')",
            "schema": {
              "type": "array",
              "items": {
                "type": "object",
                "properties": {
                  "AutoRenew": {
                    "type": "integer"
                  },
                  "Billtocontact": {
                    "type": "string"
                  },
                  "CancellationEffectiveDate": {},
                  "CancellationPolicy": {
                    "type": "integer"
                  },
                  "ContractEffectiveDate": {
                    "type": "string"
                  },
                  "Currency": {
                    "type": "string"
                  },
                  "CustomerAcceptanceDate": {
                    "type": "string"
                  },
                  "Generateinvoice": {
                    "type": "integer"
                  },
                  "InitialTerm": {
                    "type": "string"
                  },
                  "InitialTermPeriodType": {
                    "type": "integer"
                  },
                  "InvoiceOwner": {
                    "type": [
                      "string",
                      "null"
                    ]
                  },
                  "Pricelist": {
                    "type": "string"
                  },
                  "QuoteID": {
                    "type": "string"
                  },
                  "QuoteIdentify": {
                    "type": "string"
                  },
                  "RenewalSetting": {
                    "type": "integer"
                  },
                  "Renewalterm": {
                    "type": "string"
                  },
                  "Renewaltermperiod": {
                    "type": "integer"
                  },
                  "ServiceActivationDate": {
                    "type": "string"
                  },
                  "Soldtocontact": {
                    "type": "string"
                  },
                  "SubscriptionOwner": {
                    "type": [
                      "string",
                      "null"
                    ]
                  },
                  "TermType": {
                    "type": "integer"
                  },
                  "Type": {
                    "type": "integer"
                  },
                  "invoiceseparately": {
                    "type": "integer"
                  }
                },
                "required": [
                  "AutoRenew",
                  "Billtocontact",
                  "CancellationEffectiveDate",
                  "CancellationPolicy",
                  "ContractEffectiveDate",
                  "Currency",
                  "CustomerAcceptanceDate",
                  "Generateinvoice",
                  "InitialTerm",
                  "InitialTermPeriodType",
                  "InvoiceOwner",
                  "Pricelist",
                  "QuoteID",
                  "QuoteIdentify",
                  "RenewalSetting",
                  "Renewalterm",
                  "Renewaltermperiod",
                  "ServiceActivationDate",
                  "Soldtocontact",
                  "SubscriptionOwner",
                  "TermType",
                  "Type",
                  "invoiceseparately"
                ]
              }
            }
          }
        }
      },
      "outputs": {}
    }
  },
  "schemaVersion": "1.0.0.0"
}