{
  "properties": {
    "connectionReferences": {
      "shared_commondataserviceforapps": {
        "runtimeSource": "embedded",
        "connection": {
          "connectionReferenceLogicalName": "new_sharedcommondataserviceforapps_4a6ea"
        },
        "api": {
          "name": "shared_commondataserviceforapps"
        }
      }
    },
    "definition": {
      "$schema": "https://schema.management.azure.com/providers/Microsoft.Logic/schemas/2016-06-01/workflowdefinition.json#",
      "contentVersion": "1.0.0.0",
      "parameters": {
        "$connections": {
          "defaultValue": {},
          "type": "Object"
        },
        "$authentication": {
          "defaultValue": {},
          "type": "SecureObject"
        }
      },
      "triggers": {
        "manual": {
          "metadata": {
            "operationMetadataId": "1196363b-c6ec-4fda-b33f-8719667f858b"
          },
          "type": "Request",
          "kind": "PowerApp",
          "inputs": {
            "schema": {
              "type": "object",
              "properties": {},
              "required": []
            }
          }
        }
      },
      "actions": {
        "ComposeInputs": {
          "runAfter": {},
          "metadata": {
            "operationMetadataId": "b43a634d-f537-4339-ab7b-0e07f78dc801"
          },
          "type": "Compose",
          "inputs": "@triggerBody()['Compose_Inputs']"
        },
        "Parse_ComposeInputs_JSON": {
          "runAfter": {
            "ComposeInputs": [
              "Succeeded"
            ]
          },
          "metadata": {
            "operationMetadataId": "18df7a71-5a9e-4e69-835a-d9716b348ce1"
          },
          "type": "ParseJson",
          "inputs": {
            "content": "@outputs('ComposeInputs')",
            "schema": {
              "type": "array",
              "items": {
                "type": "object",
                "properties": {
                  "AutoRenew": {
                    "type": "integer"
                  },
                  "Billtocontact": {
                    "type": "string"
                  },
                  "ContractEffectiveDate": {
                    "type": "string"
                  },
                  "Currency": {
                    "type": "string"
                  },
                  "CustomerAcceptanceDate": {
                    "type": "string"
                  },
                  "Generateinvoice": {
                    "type": "integer"
                  },
                  "InitialTerm": {
                    "type": "integer"
                  },
                  "InitialTermPeriodType": {
                    "type": "integer"
                  },
                  "InvoiceOwner": {
                    "type": "string"
                  },
                  "Pricelist": {
                    "type": "string"
                  },
                  "RenewalSetting": {
                    "type": "integer"
                  },
                  "Renewalterm": {
                    "type": "integer"
                  },
                  "Renewaltermperiod": {
                    "type": "integer"
                  },
                  "ServiceActivationDate": {
                    "type": "string"
                  },
                  "Soldtocontact": {
                    "type": "string"
                  },
                  "SubscriptionOwner": {
                    "type": "string"
                  },
                  "TermType": {
                    "type": "integer"
                  },
                  "Type": {
                    "type": "integer"
                  },
                  "invoiceseparately": {
                    "type": "integer"
                  },
                  "QuoteID": {
                    "type": "string"
                  },
                  "QuoteIdentify": {
                    "type": "string"
                  }
                },
                "required": [
                  "AutoRenew",
                  "Billtocontact",
                  "ContractEffectiveDate",
                  "Currency",
                  "CustomerAcceptanceDate",
                  "Generateinvoice",
                  "InitialTerm",
                  "InitialTermPeriodType",
                  "InvoiceOwner",
                  "Pricelist",
                  "QuoteID",
                  "QuoteIdentify",
                  "RenewalSetting",
                  "Renewalterm",
                  "Renewaltermperiod",
                  "ServiceActivationDate",
                  "Soldtocontact",
                  "SubscriptionOwner",
                  "TermType",
                  "Type",
                  "invoiceseparately"
                ]
              }
            }
          }
        },
        "Apply_to_each": {
          "foreach": "@body('Parse_ComposeInputs_JSON')",
          "actions": {
            "List_Quote_Amendment_History_rows": {
              "runAfter": {},
              "metadata": {
                "operationMetadataId": "812506e6-1b04-41fd-a17e-2dc897efb182"
              },
              "type": "OpenApiConnection",
              "inputs": {
                "host": {
                  "connectionName": "shared_commondataserviceforapps",
                  "operationId": "ListRecords",
                  "apiId": "/providers/Microsoft.PowerApps/apis/shared_commondataserviceforapps"
                },
                "parameters": {
                  "entityName": "zuora_quoteamendmenthistories",
                  "$filter": "zuora_quoteid eq '@{items('Apply_to_each')['QuoteID']}' and zuora_type eq @{items('Apply_to_each')['Type']}"
                },
                "authentication": {
                  "type": "Raw",
                  "value": "@json(decodeBase64(triggerOutputs().headers['X-MS-APIM-Tokens']))['$ConnectionKey']"
                }
              }
            },
            "Condition": {
              "actions": {
                "Compose_AutoRenew": {
                  "runAfter": {},
                  "metadata": {
                    "operationMetadataId": "deb973c0-cfca-4321-99a2-c800e60fc671"
                  },
                  "type": "Compose",
                  "inputs": "@items('Apply_to_each')['AutoRenew']"
                },
                "Add_a_new_Quote_Amendment_History": {
                  "runAfter": {
                    "Compose_AutoRenew": [
                      "Succeeded"
                    ]
                  },
                  "metadata": {
                    "operationMetadataId": "1d7c5495-7977-4009-beb0-78932474c3a2"
                  },
                  "type": "OpenApiConnection",
                  "inputs": {
                    "host": {
                      "connectionName": "shared_commondataserviceforapps",
                      "operationId": "CreateRecord",
                      "apiId": "/providers/Microsoft.PowerApps/apis/shared_commondataserviceforapps"
                    },
                    "parameters": {
                      "entityName": "zuora_quoteamendmenthistories",
                      "item/zuora_autorenew": "@if(equals(outputs('Compose_AutoRenew'), 1), 429550000, 429550001)",
                      "item/zuora_Billtocontact@odata.bind": "/contacts/@{items('Apply_to_each')['Billtocontact']}",
                      "item/zuora_contracteffectivedate": "@items('Apply_to_each')?['ContractEffectiveDate']",
                      "item/zuora_Currency@odata.bind": "/transactioncurrencies/@{items('Apply_to_each')['Currency']}",
                      "item/zuora_customeracceptancedate": "@items('Apply_to_each')?['CustomerAcceptanceDate']",
                      "item/zuora_generateinvoice": "@items('Apply_to_each')?['Generateinvoice']",
                      "item/zuora_initialterm": "@items('Apply_to_each')?['InitialTerm']",
                      "item/zuora_initialtermperiodtype": "@items('Apply_to_each')?['InitialTermPeriodType']",
                      "item/zuora_InvoiceOwner@odata.bind": "/accounts/@{items('Apply_to_each')['InvoiceOwner']}",
                      "item/zuora_invoiceseparately": "@items('Apply_to_each')?['invoiceseparately']",
                      "item/zuora_PotentialCustomer_account@odata.bind": "/accounts/@{outputs('Get_a_Quote_row_by_ID')?['body/_customerid_value']}",
                      "item/zuora_PriceList@odata.bind": "/pricelevels/@{items('Apply_to_each')['Pricelist']}",
                      "item/zuora_Link1Id@odata.bind": "/quotes/@{items('Apply_to_each')['QuoteIdentify']}",
                      "item/zuora_quoteid": "@items('Apply_to_each')['QuoteID']",
                      "item/zuora_renewalsetting": "@items('Apply_to_each')?['RenewalSetting']",
                      "item/zuora_renewalterm": "@items('Apply_to_each')?['Renewalterm']",
                      "item/zuora_renewaltermperiodtype": "@items('Apply_to_each')?['Renewaltermperiod']",
                      "item/zuora_serviceactivationdate": "@items('Apply_to_each')?['ServiceActivationDate']",
                      "item/zuora_SoldtoContact@odata.bind": "/contacts/@{items('Apply_to_each')['Soldtocontact']}",
                      "item/zuora_SubscriptionOwner@odata.bind": "/accounts/@{items('Apply_to_each')['SubscriptionOwner']}",
                      "item/zuora_termtype": "@items('Apply_to_each')?['TermType']",
                      "item/zuora_type": "@items('Apply_to_each')['Type']"
                    },
                    "authentication": {
                      "type": "Raw",
                      "value": "@json(decodeBase64(triggerOutputs().headers['X-MS-APIM-Tokens']))['$ConnectionKey']"
                    }
                  }
                }
              },
              "runAfter": {
                "Get_a_Quote_row_by_ID": [
                  "Succeeded"
                ]
              },
              "else": {
                "actions": {
                  "Apply_to_each_2": {
                    "foreach": "@outputs('List_Quote_Amendment_History_rows')?['body/value']",
                    "actions": {
                      "Compose_AutoRenew2": {
                        "runAfter": {},
                        "metadata": {
                          "operationMetadataId": "f53f5274-9773-4fdf-9aca-342a735ba0f7"
                        },
                        "type": "Compose",
                        "inputs": "@items('Apply_to_each')['AutoRenew']"
                      },
                      "Update_a_Quote_Amendment_History": {
                        "runAfter": {
                          "Compose_AutoRenew2": [
                            "Succeeded"
                          ]
                        },
                        "metadata": {
                          "operationMetadataId": "d1dc1a16-4fd2-4955-95b8-1aaf01c19738"
                        },
                        "type": "OpenApiConnection",
                        "inputs": {
                          "host": {
                            "connectionName": "shared_commondataserviceforapps",
                            "operationId": "UpdateRecord",
                            "apiId": "/providers/Microsoft.PowerApps/apis/shared_commondataserviceforapps"
                          },
                          "parameters": {
                            "entityName": "zuora_quoteamendmenthistories",
                            "recordId": "@items('Apply_to_each_2')?['zuora_quoteamendmenthistoryid']",
                            "item/zuora_autorenew": "@if(equals(outputs('Compose_AutoRenew2'),1),429550000,429550001)",
                            "item/zuora_Billtocontact@odata.bind": "/contacts/@{items('Apply_to_each')['Billtocontact']}",
                            "item/zuora_contracteffectivedate": "@items('Apply_to_each')?['ContractEffectiveDate']",
                            "item/zuora_Currency@odata.bind": "/transactioncurrencies/@{items('Apply_to_each')['Currency']}",
                            "item/zuora_customeracceptancedate": "@items('Apply_to_each')?['CustomerAcceptanceDate']",
                            "item/zuora_generateinvoice": "@items('Apply_to_each')['Generateinvoice']",
                            "item/zuora_initialterm": "@items('Apply_to_each')['InitialTerm']",
                            "item/zuora_initialtermperiodtype": "@items('Apply_to_each')['InitialTermPeriodType']",
                            "item/zuora_InvoiceOwner@odata.bind": "/accounts/@{items('Apply_to_each')['InvoiceOwner']}",
                            "item/zuora_invoiceseparately": "@items('Apply_to_each')['invoiceseparately']",
                            "item/zuora_PotentialCustomer_account@odata.bind": "/accounts/@{outputs('Get_a_Quote_row_by_ID')?['body/_customerid_value']}",
                            "item/zuora_PriceList@odata.bind": "/pricelevels/@{items('Apply_to_each')['Pricelist']}",
                            "item/zuora_renewalsetting": "@items('Apply_to_each')['RenewalSetting']",
                            "item/zuora_renewalterm": "@items('Apply_to_each')['Renewalterm']",
                            "item/zuora_renewaltermperiodtype": "@items('Apply_to_each')['Renewaltermperiod']",
                            "item/zuora_serviceactivationdate": "@items('Apply_to_each')?['ServiceActivationDate']",
                            "item/zuora_SoldtoContact@odata.bind": "/contacts/@{items('Apply_to_each')['Soldtocontact']}",
                            "item/zuora_SubscriptionOwner@odata.bind": "/accounts/@{items('Apply_to_each')['SubscriptionOwner']}",
                            "item/zuora_termtype": "@items('Apply_to_each')['TermType']"
                          },
                          "authentication": {
                            "type": "Raw",
                            "value": "@json(decodeBase64(triggerOutputs().headers['X-MS-APIM-Tokens']))['$ConnectionKey']"
                          }
                        }
                      }
                    },
                    "runAfter": {},
                    "metadata": {
                      "operationMetadataId": "d669eae9-2e43-4047-aaf1-f515663e3b81"
                    },
                    "type": "Foreach"
                  }
                }
              },
              "expression": {
                "equals": [
                  "@length(body('list_quote_amendment_history_rows')?['value'])",
                  0
                ]
              },
              "metadata": {
                "operationMetadataId": "8b097652-9af6-41f4-b2cc-fd628fb2a539"
              },
              "type": "If"
            },
            "Get_a_Quote_row_by_ID": {
              "runAfter": {
                "List_Quote_Amendment_History_rows": [
                  "Succeeded"
                ]
              },
              "metadata": {
                "operationMetadataId": "7c825b03-2fb8-459f-be9d-43cf31bf4c6d"
              },
              "type": "OpenApiConnection",
              "inputs": {
                "host": {
                  "connectionName": "shared_commondataserviceforapps",
                  "operationId": "GetItem",
                  "apiId": "/providers/Microsoft.PowerApps/apis/shared_commondataserviceforapps"
                },
                "parameters": {
                  "entityName": "quotes",
                  "recordId": "@items('Apply_to_each')?['QuoteIdentify']"
                },
                "authentication": {
                  "type": "Raw",
                  "value": "@json(decodeBase64(triggerOutputs().headers['X-MS-APIM-Tokens']))['$ConnectionKey']"
                }
              }
            }
          },
          "runAfter": {
            "Parse_ComposeInputs_JSON": [
              "Succeeded"
            ]
          },
          "metadata": {
            "operationMetadataId": "37582eb7-6381-4819-814b-ecdc2ed29d5a"
          },
          "type": "Foreach"
        }
      },
      "outputs": {}
    }
  },
  "schemaVersion": "1.0.0.0"
}