{
  "properties": {
    "connectionReferences": {
      "shared_commondataserviceforapps": {
        "runtimeSource": "embedded",
        "connection": {
          "connectionReferenceLogicalName": "new_sharedcommondataserviceforapps_4a6ea"
        },
        "api": {
          "name": "shared_commondataserviceforapps"
        }
      }
    },
    "definition": {
      "$schema": "https://schema.management.azure.com/providers/Microsoft.Logic/schemas/2016-06-01/workflowdefinition.json#",
      "contentVersion": "1.0.0.0",
      "parameters": {
        "$connections": {
          "defaultValue": {},
          "type": "Object"
        },
        "$authentication": {
          "defaultValue": {},
          "type": "SecureObject"
        }
      },
      "triggers": {
        "manual": {
          "metadata": {
            "operationMetadataId": "a0d4be88-9942-4e51-acb5-573bd8a8f7a0"
          },
          "type": "Request",
          "kind": "PowerApp",
          "inputs": {
            "schema": {
              "type": "object",
              "properties": {
                "Compose_Inputs": {
                  "type": "any",
                  "description": "Inputs",
                  "x-ms-powerflows-param-ispartial": false
                }
              },
              "required": [
                "Compose_Inputs"
              ]
            }
          }
        }
      },
      "actions": {
        "Compose": {
          "runAfter": {},
          "metadata": {
            "operationMetadataId": "7c08b2c6-6ced-4b13-8c5e-cfab800aa492"
          },
          "type": "Compose",
          "inputs": "@triggerBody()['Compose_Inputs']"
        },
        "Parse_JSON": {
          "runAfter": {
            "Compose": [
              "Succeeded"
            ]
          },
          "metadata": {
            "operationMetadataId": "4f8fca8a-461b-45fb-af61-c3a01c768c29"
          },
          "type": "ParseJson",
          "inputs": {
            "content": "@outputs('Compose')",
            "schema": {
              "type": "array",
              "items": {
                "type": "object",
                "properties": {
                  "AutoRenew": {
                    "type": "integer"
                  },
                  "Billtocontact": {
                    "type": "string"
                  },
                  "ContractEffectiveDate": {
                    "type": "string"
                  },
                  "Currency": {
                    "type": "string"
                  },
                  "CustomerAcceptanceDate": {
                    "type": "string"
                  },
                  "ExtendsTerm": {
                    "type": "integer"
                  },
                  "Generateinvoice": {
                    "type": "integer"
                  },
                  "InitialTerm": {
                    "type": "integer"
                  },
                  "InitialTermPeriodType": {
                    "type": "integer"
                  },
                  "InvoiceOwner": {
                    "type": [
                      "string",
                      "null"
                    ]
                  },
                  "Pricelist": {
                    "type": "string"
                  },
                  "QuoteID": {
                    "type": "string"
                  },
                  "QuoteIdentify": {
                    "type": "string"
                  },
                  "RenewalSetting": {
                    "type": "integer"
                  },
                  "Renewalterm": {
                    "type": "integer"
                  },
                  "Renewaltermperiod": {
                    "type": "integer"
                  },
                  "ResumeSpecificDate": {
                    "type": [
                      "string",
                      "null"
                    ]
                  },
                  "Resumeperiods": {
                    "type": [
                      "integer",
                      "null"
                    ]
                  },
                  "Resumeperiodtype": {
                    "type": [
                      "integer",
                      "null"
                    ]
                  },
                  "Resumepolicy": {
                    "type": "integer"
                  },
                  "ServiceActivationDate": {
                    "type": "string"
                  },
                  "Soldtocontact": {
                    "type": "string"
                  },
                  "SubscriptionOwner": {
                    "type": "string"
                  },
                  "TermType": {
                    "type": "integer"
                  },
                  "Type": {
                    "type": "integer"
                  },
                  "invoiceseparately": {
                    "type": "integer"
                  }
                },
                "required": [
                  "AutoRenew",
                  "Billtocontact",
                  "ContractEffectiveDate",
                  "Currency",
                  "CustomerAcceptanceDate",
                  "ExtendsTerm",
                  "Generateinvoice",
                  "InitialTerm",
                  "InitialTermPeriodType",
                  "InvoiceOwner",
                  "Pricelist",
                  "QuoteID",
                  "QuoteIdentify",
                  "RenewalSetting",
                  "Renewalterm",
                  "Renewaltermperiod",
                  "ResumeSpecificDate",
                  "Resumeperiods",
                  "Resumeperiodtype",
                  "Resumepolicy",
                  "ServiceActivationDate",
                  "Soldtocontact",
                  "SubscriptionOwner",
                  "TermType",
                  "Type",
                  "invoiceseparately"
                ]
              }
            }
          }
        },
        "Apply_to_each": {
          "foreach": "@body('Parse_JSON')",
          "actions": {
            "List_Quote_amendment_history_rows": {
              "runAfter": {},
              "metadata": {
                "operationMetadataId": "ff805c48-b448-4397-8c3f-76f40f1993fa"
              },
              "type": "OpenApiConnection",
              "inputs": {
                "host": {
                  "connectionName": "shared_commondataserviceforapps",
                  "operationId": "ListRecords",
                  "apiId": "/providers/Microsoft.PowerApps/apis/shared_commondataserviceforapps"
                },
                "parameters": {
                  "entityName": "zuora_quoteamendmenthistories",
                  "$filter": "zuora_quoteid eq '@{items('Apply_to_each')['QuoteID']}' and zuora_type eq @{items('Apply_to_each')['Type']}"
                },
                "authentication": {
                  "type": "Raw",
                  "value": "@json(decodeBase64(triggerOutputs().headers['X-MS-APIM-Tokens']))['$ConnectionKey']"
                }
              }
            },
            "Get_a_Quote_row_by_ID": {
              "runAfter": {
                "List_Quote_amendment_history_rows": [
                  "Succeeded"
                ]
              },
              "metadata": {
                "operationMetadataId": "8fa470c3-c9bf-45e1-a715-17012622da34"
              },
              "type": "OpenApiConnection",
              "inputs": {
                "host": {
                  "connectionName": "shared_commondataserviceforapps",
                  "operationId": "GetItem",
                  "apiId": "/providers/Microsoft.PowerApps/apis/shared_commondataserviceforapps"
                },
                "parameters": {
                  "entityName": "quotes",
                  "recordId": "@items('Apply_to_each')['QuoteIdentify']"
                },
                "authentication": {
                  "type": "Raw",
                  "value": "@json(decodeBase64(triggerOutputs().headers['X-MS-APIM-Tokens']))['$ConnectionKey']"
                }
              }
            },
            "Condition": {
              "actions": {
                "Compose_AutoRenew": {
                  "runAfter": {},
                  "metadata": {
                    "operationMetadataId": "2981dc7d-2b5f-413a-b26c-1a050679cc89"
                  },
                  "type": "Compose",
                  "inputs": "@items('Apply_to_each')['AutoRenew']"
                },
                "Add_a_new_Quote_amendment_History_row": {
                  "runAfter": {
                    "Compose_AutoRenew": [
                      "Succeeded"
                    ]
                  },
                  "metadata": {
                    "operationMetadataId": "75796eab-ecb5-4dfb-95d3-26ace2d335ee"
                  },
                  "type": "OpenApiConnection",
                  "inputs": {
                    "host": {
                      "connectionName": "shared_commondataserviceforapps",
                      "operationId": "CreateRecord",
                      "apiId": "/providers/Microsoft.PowerApps/apis/shared_commondataserviceforapps"
                    },
                    "parameters": {
                      "entityName": "zuora_quoteamendmenthistories",
                      "item/zuora_autorenew": "@if(equals(outputs('Compose_AutoRenew'), 1), 429550000, 429550001)",
                      "item/zuora_Billtocontact@odata.bind": "/contacts/@{items('Apply_to_each')['Billtocontact']}",
                      "item/zuora_contracteffectivedate": "@items('Apply_to_each')['ContractEffectiveDate']",
                      "item/zuora_Currency@odata.bind": "/transactioncurrencies/@{items('Apply_to_each')['Currency']}",
                      "item/zuora_customeracceptancedate": "@items('Apply_to_each')['CustomerAcceptanceDate']",
                      "item/zuora_extendsterm": "@items('Apply_to_each')['ExtendsTerm']",
                      "item/zuora_generateinvoice": "@items('Apply_to_each')['Generateinvoice']",
                      "item/zuora_initialterm": "@items('Apply_to_each')['InitialTerm']",
                      "item/zuora_initialtermperiodtype": "@items('Apply_to_each')['InitialTermPeriodType']",
                      "item/zuora_InvoiceOwner@odata.bind": "/accounts/@{items('Apply_to_each')['InvoiceOwner']}",
                      "item/zuora_invoiceseparately": "@items('Apply_to_each')['invoiceseparately']",
                      "item/zuora_PotentialCustomer_account@odata.bind": "/accounts/@{outputs('Get_a_Quote_row_by_ID')?['body/_customerid_value']}",
                      "item/zuora_PriceList@odata.bind": "/pricelevels/@{items('Apply_to_each')['Pricelist']}",
                      "item/zuora_Link1Id@odata.bind": "/quotes/@{items('Apply_to_each')['QuoteIdentify']}",
                      "item/zuora_quoteid": "@items('Apply_to_each')['QuoteID']",
                      "item/zuora_renewalsetting": "@items('Apply_to_each')['RenewalSetting']",
                      "item/zuora_renewalterm": "@items('Apply_to_each')['Renewalterm']",
                      "item/zuora_renewaltermperiodtype": "@items('Apply_to_each')['Renewaltermperiod']",
                      "item/zuora_resumeperiods": "@items('Apply_to_each')['Resumeperiods']",
                      "item/zuora_resumeperiodstype": "@items('Apply_to_each')['Resumeperiodtype']",
                      "item/zuora_resumepolicy": "@items('Apply_to_each')['Resumepolicy']",
                      "item/zuora_resumespecificdate": "@items('Apply_to_each')['ResumeSpecificDate']",
                      "item/zuora_serviceactivationdate": "@items('Apply_to_each')['ServiceActivationDate']",
                      "item/zuora_SoldtoContact@odata.bind": "/contacts/@{items('Apply_to_each')['Soldtocontact']}",
                      "item/zuora_SubscriptionOwner@odata.bind": "/accounts/@{items('Apply_to_each')['SubscriptionOwner']}",
                      "item/zuora_termtype": "@items('Apply_to_each')['TermType']",
                      "item/zuora_type": "@items('Apply_to_each')['Type']"
                    },
                    "authentication": {
                      "type": "Raw",
                      "value": "@json(decodeBase64(triggerOutputs().headers['X-MS-APIM-Tokens']))['$ConnectionKey']"
                    }
                  }
                }
              },
              "runAfter": {
                "Get_a_Quote_row_by_ID": [
                  "Succeeded"
                ]
              },
              "else": {
                "actions": {
                  "Apply_to_each_2": {
                    "foreach": "@outputs('List_Quote_amendment_history_rows')?['body/value']",
                    "actions": {
                      "Compose_AutoRenew_2": {
                        "runAfter": {},
                        "metadata": {
                          "operationMetadataId": "f9f1e396-c84f-4137-821f-1b8b6a1c95e1"
                        },
                        "type": "Compose",
                        "inputs": "@items('Apply_to_each')['AutoRenew']"
                      },
                      "Update_a_row": {
                        "runAfter": {
                          "Compose_AutoRenew_2": [
                            "Succeeded"
                          ]
                        },
                        "metadata": {
                          "operationMetadataId": "bc155cf9-912a-48af-98d1-e1ac99592efe"
                        },
                        "type": "OpenApiConnection",
                        "inputs": {
                          "host": {
                            "connectionName": "shared_commondataserviceforapps",
                            "operationId": "UpdateRecord",
                            "apiId": "/providers/Microsoft.PowerApps/apis/shared_commondataserviceforapps"
                          },
                          "parameters": {
                            "entityName": "zuora_quoteamendmenthistories",
                            "recordId": "@items('Apply_to_each_2')?['zuora_quoteamendmenthistoryid']",
                            "item/zuora_autorenew": "@if(equals(outputs('Compose_AutoRenew_2'),1),429550000,429550001)",
                            "item/zuora_Billtocontact@odata.bind": "/contacts/@{items('Apply_to_each')['Billtocontact']}",
                            "item/zuora_contracteffectivedate": "@items('Apply_to_each')['ContractEffectiveDate']",
                            "item/zuora_Currency@odata.bind": "/transactioncurrencies/@{items('Apply_to_each')['Currency']}",
                            "item/zuora_customeracceptancedate": "@items('Apply_to_each')['CustomerAcceptanceDate']",
                            "item/zuora_extendsterm": "@items('Apply_to_each')['ExtendsTerm']",
                            "item/zuora_generateinvoice": "@items('Apply_to_each')['Generateinvoice']",
                            "item/zuora_initialterm": "@items('Apply_to_each')['InitialTerm']",
                            "item/zuora_initialtermperiodtype": "@items('Apply_to_each')['InitialTermPeriodType']",
                            "item/zuora_InvoiceOwner@odata.bind": "/accounts/@{items('Apply_to_each')['InvoiceOwner']}",
                            "item/zuora_invoiceseparately": "@items('Apply_to_each')['invoiceseparately']",
                            "item/zuora_PotentialCustomer_account@odata.bind": "/accounts/@{items('Apply_to_each_2')?['_zuora_potentialcustomer_value']}",
                            "item/zuora_PriceList@odata.bind": "/pricelevels/@{items('Apply_to_each')['Pricelist']}",
                            "item/zuora_renewalsetting": "@items('Apply_to_each')['RenewalSetting']",
                            "item/zuora_renewalterm": "@items('Apply_to_each')['Renewalterm']",
                            "item/zuora_renewaltermperiodtype": "@items('Apply_to_each')['Renewaltermperiod']",
                            "item/zuora_resumeperiods": "@items('Apply_to_each')['Resumeperiods']",
                            "item/zuora_resumeperiodstype": "@items('Apply_to_each')['Resumeperiodtype']",
                            "item/zuora_resumepolicy": "@items('Apply_to_each')['Resumepolicy']",
                            "item/zuora_resumespecificdate": "@items('Apply_to_each')['ResumeSpecificDate']",
                            "item/zuora_serviceactivationdate": "@items('Apply_to_each')['ServiceActivationDate']",
                            "item/zuora_SoldtoContact@odata.bind": "/contacts/@{items('Apply_to_each')['Soldtocontact']}",
                            "item/zuora_SubscriptionOwner@odata.bind": "/accounts/@{items('Apply_to_each')['SubscriptionOwner']}",
                            "item/zuora_termtype": "@items('Apply_to_each')['TermType']"
                          },
                          "authentication": {
                            "type": "Raw",
                            "value": "@json(decodeBase64(triggerOutputs().headers['X-MS-APIM-Tokens']))['$ConnectionKey']"
                          }
                        }
                      }
                    },
                    "runAfter": {},
                    "metadata": {
                      "operationMetadataId": "6ee3234c-0f99-4718-8b17-e79a179660f0"
                    },
                    "type": "Foreach"
                  }
                }
              },
              "expression": {
                "equals": [
                  "@length(body('list_quote_amendment_history_rows')?['value'])",
                  0
                ]
              },
              "metadata": {
                "operationMetadataId": "6f009f39-c73a-434e-9311-e23df23d0e03"
              },
              "type": "If"
            }
          },
          "runAfter": {
            "Parse_JSON": [
              "Succeeded"
            ]
          },
          "metadata": {
            "operationMetadataId": "c3f92db3-95ae-4786-a5e8-567a7d37498f"
          },
          "type": "Foreach"
        }
      },
      "outputs": {}
    }
  },
  "schemaVersion": "1.0.0.0"
}