{
  "properties": {
    "connectionReferences": {
      "shared_commondataserviceforapps": {
        "runtimeSource": "embedded",
        "connection": {
          "connectionReferenceLogicalName": "new_sharedcommondataserviceforapps_4a6ea"
        },
        "api": {
          "name": "shared_commondataserviceforapps"
        }
      }
    },
    "definition": {
      "$schema": "https://schema.management.azure.com/providers/Microsoft.Logic/schemas/2016-06-01/workflowdefinition.json#",
      "contentVersion": "1.0.0.0",
      "parameters": {
        "$connections": {
          "defaultValue": {},
          "type": "Object"
        },
        "$authentication": {
          "defaultValue": {},
          "type": "SecureObject"
        }
      },
      "triggers": {
        "manual": {
          "metadata": {
            "operationMetadataId": "5207f573-56be-4739-bb08-a690ade37990"
          },
          "type": "Request",
          "kind": "PowerApp",
          "inputs": {
            "schema": {
              "type": "object",
              "properties": {
                "ComposeInputs_Inputs": {
                  "type": "any",
                  "description": "Inputs",
                  "x-ms-powerflows-param-ispartial": false
                }
              },
              "required": [
                "ComposeInputs_Inputs"
              ]
            }
          }
        }
      },
      "actions": {
        "ComposeInputs": {
          "runAfter": {},
          "metadata": {
            "operationMetadataId": "e28972bc-40f3-48ba-b3ca-711fdcf0ec79"
          },
          "type": "Compose",
          "inputs": "@triggerBody()['ComposeInputs_Inputs']"
        },
        "Parse_ComposeInputs_JSON": {
          "runAfter": {
            "ComposeInputs": [
              "Succeeded"
            ]
          },
          "metadata": {
            "operationMetadataId": "19ca10dd-e61b-4fe0-a910-38b6ecfaf2af"
          },
          "type": "ParseJson",
          "inputs": {
            "content": "@outputs('ComposeInputs')",
            "schema": {
              "type": "array",
              "items": {
                "type": "object",
                "properties": {
                  "AutoRenew": {
                    "type": "integer"
                  },
                  "SuspendPolicy": {
                    "type": "integer"
                  },
                  "SuspendPeriods": {
                    "type": "integer"
                  },
                  "SuspendPeriodsType": {
                    "type": [
                      "integer",
                      "null"
                    ]
                  },
                  "SuspendSpecificDate": {
                    "type": [
                      "string",
                      "null"
                    ]
                  },
                  "Billtocontact": {
                    "type": "string"
                  },
                  "ContractEffectiveDate": {
                    "type": "string"
                  },
                  "Currency": {
                    "type": "string"
                  },
                  "CustomerAcceptanceDate": {
                    "type": "string"
                  },
                  "Generateinvoice": {
                    "type": "integer"
                  },
                  "InitialTerm": {
                    "type": "string"
                  },
                  "InitialTermPeriodType": {
                    "type": "integer"
                  },
                  "InvoiceOwner": {
                    "type": [
                      "string",
                      "null"
                    ]
                  },
                  "Pricelist": {
                    "type": "string"
                  },
                  "RenewalSetting": {
                    "type": "integer"
                  },
                  "Renewalterm": {
                    "type": "string"
                  },
                  "Renewaltermperiod": {
                    "type": "integer"
                  },
                  "ServiceActivationDate": {
                    "type": "string"
                  },
                  "Soldtocontact": {
                    "type": "string"
                  },
                  "SubscriptionOwner": {
                    "type": [
                      "string",
                      "null"
                    ]
                  },
                  "TermType": {
                    "type": "integer"
                  },
                  "Type": {
                    "type": "integer"
                  },
                  "invoiceseparately": {
                    "type": "integer"
                  },
                  "QuoteID": {
                    "type": "string"
                  },
                  "QuoteIdentify": {
                    "type": "string"
                  }
                },
                "required": [
                  "AutoRenew",
                  "Billtocontact",
                  "ContractEffectiveDate",
                  "Currency",
                  "CustomerAcceptanceDate",
                  "Generateinvoice",
                  "InitialTerm",
                  "InitialTermPeriodType",
                  "InvoiceOwner",
                  "Pricelist",
                  "QuoteID",
                  "QuoteIdentify",
                  "RenewalSetting",
                  "Renewalterm",
                  "Renewaltermperiod",
                  "ServiceActivationDate",
                  "Soldtocontact",
                  "SubscriptionOwner",
                  "SuspendPeriods",
                  "SuspendPeriodsType",
                  "SuspendPolicy",
                  "SuspendSpecificDate",
                  "TermType",
                  "Type",
                  "invoiceseparately"
                ]
              }
            }
          }
        },
        "Apply_to_each": {
          "foreach": "@body('Parse_ComposeInputs_JSON')",
          "actions": {
            "List_Quote_Amendment_History_rows": {
              "runAfter": {},
              "metadata": {
                "operationMetadataId": "c980e2e7-2142-4d54-9b15-5cf2a82e03af"
              },
              "type": "OpenApiConnection",
              "inputs": {
                "host": {
                  "connectionName": "shared_commondataserviceforapps",
                  "operationId": "ListRecords",
                  "apiId": "/providers/Microsoft.PowerApps/apis/shared_commondataserviceforapps"
                },
                "parameters": {
                  "entityName": "zuora_quoteamendmenthistories",
                  "$filter": "zuora_quoteid eq '@{items('Apply_to_each')['QuoteID']}' and zuora_type eq @{items('Apply_to_each')['Type']}"
                },
                "authentication": {
                  "type": "Raw",
                  "value": "@json(decodeBase64(triggerOutputs().headers['X-MS-APIM-Tokens']))['$ConnectionKey']"
                }
              }
            },
            "Condition": {
              "actions": {
                "Compose_AutoRenew": {
                  "runAfter": {},
                  "metadata": {
                    "operationMetadataId": "deb973c0-cfca-4321-99a2-c800e60fc671"
                  },
                  "type": "Compose",
                  "inputs": "@items('Apply_to_each')['AutoRenew']"
                },
                "Add_a_new_Quote_Amendment_History": {
                  "runAfter": {
                    "Compose_AutoRenew": [
                      "Succeeded"
                    ]
                  },
                  "metadata": {
                    "operationMetadataId": "1d7c5495-7977-4009-beb0-78932474c3a2"
                  },
                  "type": "OpenApiConnection",
                  "inputs": {
                    "host": {
                      "connectionName": "shared_commondataserviceforapps",
                      "operationId": "CreateRecord",
                      "apiId": "/providers/Microsoft.PowerApps/apis/shared_commondataserviceforapps"
                    },
                    "parameters": {
                      "entityName": "zuora_quoteamendmenthistories",
                      "item/zuora_autorenew": "@if(equals(outputs('Compose_AutoRenew'), 1), 429550000, 429550001)",
                      "item/zuora_Billtocontact@odata.bind": "/contacts/@{items('Apply_to_each')['Billtocontact']}",
                      "item/zuora_contracteffectivedate": "@items('Apply_to_each')?['ContractEffectiveDate']",
                      "item/zuora_Currency@odata.bind": "/transactioncurrencies/@{items('Apply_to_each')['Currency']}",
                      "item/zuora_customeracceptancedate": "@items('Apply_to_each')?['CustomerAcceptanceDate']",
                      "item/zuora_generateinvoice": "@items('Apply_to_each')?['Generateinvoice']",
                      "item/zuora_initialterm": "@items('Apply_to_each')?['InitialTerm']",
                      "item/zuora_initialtermperiodtype": "@items('Apply_to_each')?['InitialTermPeriodType']",
                      "item/zuora_InvoiceOwner@odata.bind": "/accounts/@{items('Apply_to_each')['InvoiceOwner']}",
                      "item/zuora_invoiceseparately": "@items('Apply_to_each')?['invoiceseparately']",
                      "item/zuora_PotentialCustomer_account@odata.bind": "/accounts/@{outputs('Get_a_Quote_row_by_ID')?['body/_customerid_value']}",
                      "item/zuora_PriceList@odata.bind": "/pricelevels/@{items('Apply_to_each')['Pricelist']}",
                      "item/zuora_Link1Id@odata.bind": "/quotes/@{items('Apply_to_each')['QuoteIdentify']}",
                      "item/zuora_quoteid": "@items('Apply_to_each')['QuoteID']",
                      "item/zuora_renewalsetting": "@items('Apply_to_each')?['RenewalSetting']",
                      "item/zuora_renewalterm": "@items('Apply_to_each')?['Renewalterm']",
                      "item/zuora_renewaltermperiodtype": "@items('Apply_to_each')?['Renewaltermperiod']",
                      "item/zuora_serviceactivationdate": "@items('Apply_to_each')?['ServiceActivationDate']",
                      "item/zuora_SoldtoContact@odata.bind": "/contacts/@{items('Apply_to_each')['Soldtocontact']}",
                      "item/zuora_SubscriptionOwner@odata.bind": "/accounts/@{items('Apply_to_each')['SubscriptionOwner']}",
                      "item/zuora_suspendperiods": "@items('Apply_to_each')['SuspendPeriods']",
                      "item/zuora_suspendperiodstype": "@items('Apply_to_each')['SuspendPeriodsType']",
                      "item/zuora_suspendpolicy": "@items('Apply_to_each')['SuspendPolicy']",
                      "item/zuora_suspendspecificdate": "@items('Apply_to_each')['SuspendSpecificDate']",
                      "item/zuora_termtype": "@items('Apply_to_each')?['TermType']",
                      "item/zuora_type": "@items('Apply_to_each')['Type']"
                    },
                    "authentication": {
                      "type": "Raw",
                      "value": "@json(decodeBase64(triggerOutputs().headers['X-MS-APIM-Tokens']))['$ConnectionKey']"
                    }
                  }
                }
              },
              "runAfter": {
                "Get_a_Quote_row_by_ID": [
                  "Succeeded"
                ]
              },
              "else": {
                "actions": {
                  "Apply_to_each_2": {
                    "foreach": "@outputs('List_Quote_Amendment_History_rows')?['body/value']",
                    "actions": {
                      "Compose_AutoRenew2": {
                        "runAfter": {},
                        "metadata": {
                          "operationMetadataId": "5cf95b35-5800-4dd1-aa6a-22a0c618ff6a"
                        },
                        "type": "Compose",
                        "inputs": "@items('Apply_to_each')['AutoRenew']"
                      },
                      "Update_a_Quote_Amendment_History": {
                        "runAfter": {
                          "Compose_AutoRenew2": [
                            "Succeeded"
                          ]
                        },
                        "metadata": {
                          "operationMetadataId": "d1dc1a16-4fd2-4955-95b8-1aaf01c19738"
                        },
                        "type": "OpenApiConnection",
                        "inputs": {
                          "host": {
                            "connectionName": "shared_commondataserviceforapps",
                            "operationId": "UpdateRecord",
                            "apiId": "/providers/Microsoft.PowerApps/apis/shared_commondataserviceforapps"
                          },
                          "parameters": {
                            "entityName": "zuora_quoteamendmenthistories",
                            "recordId": "@items('Apply_to_each_2')?['zuora_quoteamendmenthistoryid']",
                            "item/zuora_autorenew": "@if(equals(outputs('Compose_AutoRenew2'),1),429550000,42950001)",
                            "item/zuora_Billtocontact@odata.bind": "/contacts/@{items('Apply_to_each')['Billtocontact']}",
                            "item/zuora_contracteffectivedate": "@items('Apply_to_each')?['ContractEffectiveDate']",
                            "item/zuora_Currency@odata.bind": "/transactioncurrencies/@{items('Apply_to_each')['Currency']}",
                            "item/zuora_customeracceptancedate": "@items('Apply_to_each')?['CustomerAcceptanceDate']",
                            "item/zuora_generateinvoice": "@items('Apply_to_each')['Generateinvoice']",
                            "item/zuora_initialterm": "@items('Apply_to_each')['InitialTerm']",
                            "item/zuora_initialtermperiodtype": "@items('Apply_to_each')['InitialTermPeriodType']",
                            "item/zuora_InvoiceOwner@odata.bind": "/accounts/@{items('Apply_to_each')['InvoiceOwner']}",
                            "item/zuora_invoiceseparately": "@items('Apply_to_each')['invoiceseparately']",
                            "item/zuora_PotentialCustomer_account@odata.bind": "/accounts/@{items('Apply_to_each_2')?['_zuora_potentialcustomer_value']}",
                            "item/zuora_PriceList@odata.bind": "/pricelevels/@{items('Apply_to_each')['Pricelist']}",
                            "item/zuora_renewalsetting": "@items('Apply_to_each')['RenewalSetting']",
                            "item/zuora_renewalterm": "@items('Apply_to_each')['Renewalterm']",
                            "item/zuora_renewaltermperiodtype": "@items('Apply_to_each')['Renewaltermperiod']",
                            "item/zuora_serviceactivationdate": "@items('Apply_to_each')?['ServiceActivationDate']",
                            "item/zuora_SoldtoContact@odata.bind": "/contacts/@{items('Apply_to_each')['Soldtocontact']}",
                            "item/zuora_SubscriptionOwner@odata.bind": "/accounts/@{items('Apply_to_each')['SubscriptionOwner']}",
                            "item/zuora_suspendperiods": "@items('Apply_to_each')['SuspendPeriods']",
                            "item/zuora_suspendperiodstype": "@items('Apply_to_each')['SuspendPeriodsType']",
                            "item/zuora_suspendpolicy": "@items('Apply_to_each')['SuspendPolicy']",
                            "item/zuora_suspendspecificdate": "@items('Apply_to_each')['SuspendSpecificDate']",
                            "item/zuora_termtype": "@items('Apply_to_each')['TermType']"
                          },
                          "authentication": {
                            "type": "Raw",
                            "value": "@json(decodeBase64(triggerOutputs().headers['X-MS-APIM-Tokens']))['$ConnectionKey']"
                          }
                        }
                      }
                    },
                    "runAfter": {},
                    "metadata": {
                      "operationMetadataId": "e84450ca-4277-40ec-b077-14ddcebdf25f"
                    },
                    "type": "Foreach"
                  }
                }
              },
              "expression": {
                "equals": [
                  "@length(body('list_quote_amendment_history_rows')?['value'])",
                  0
                ]
              },
              "metadata": {
                "operationMetadataId": "8c32ace7-d98d-414e-8a32-3f0873bcbe37"
              },
              "type": "If"
            },
            "Get_a_Quote_row_by_ID": {
              "runAfter": {
                "List_Quote_Amendment_History_rows": [
                  "Succeeded"
                ]
              },
              "metadata": {
                "operationMetadataId": "22fda7cf-e947-4b79-842e-31228379d80a"
              },
              "type": "OpenApiConnection",
              "inputs": {
                "host": {
                  "connectionName": "shared_commondataserviceforapps",
                  "operationId": "GetItem",
                  "apiId": "/providers/Microsoft.PowerApps/apis/shared_commondataserviceforapps"
                },
                "parameters": {
                  "entityName": "quotes",
                  "recordId": "@items('Apply_to_each')['QuoteIdentify']"
                },
                "authentication": {
                  "type": "Raw",
                  "value": "@json(decodeBase64(triggerOutputs().headers['X-MS-APIM-Tokens']))['$ConnectionKey']"
                }
              }
            }
          },
          "runAfter": {
            "Parse_ComposeInputs_JSON": [
              "Succeeded"
            ]
          },
          "metadata": {
            "operationMetadataId": "f2f25551-2df1-4970-8165-557a714d60de"
          },
          "type": "Foreach"
        }
      },
      "outputs": {}
    }
  },
  "schemaVersion": "1.0.0.0"
}